[
    {
        "id": "24BBS0001",
        "preference_no": 1,
        "block": "S",
        "room_type": "3_Bed_ac",
        "roommates": [
            "24BBS0001",
            "24BBS0002",
            "24BBS0004"
        ]
    },
    {
        "id": "24BBS0001",
        "preference_no": 2,
        "block": "T",
        "room_type": "4_Bed_ac",
        "roommates": [
            "24BBS0001",
            "24BBS0002",
            "24BBS0004",
            "24BBS0006"
        ]
    },
    {
        "id": "24BBS0002",
        "preference_no": 1,
        "block": "Q",
        "room_type": "2_Bed_nac",
        "roommates": [
            "24BBS0002",
            "24BBS0003"
        ]
    },
    {
        "id": "24BBS0002",
        "preference_no": 2,
        "block": "Q",
        "room_type": "3_Bed_ac",
        "roommates": [
            "24BBS0002",
            "24BBS0003",
            "24BBS0004"
        ]
    },
    {
        "id": "24BBS0003",
        "preference_no": 1,
        "block": "L",
        "room_type": "1_Bed_ac",
        "roommates": [
            "24BBS0003"
        ]
    },
    {
        "id": "24BBS0005",
        "preference_no": 1,
        "block": "S",
        "room_type": "2_Bed_ac",
        "roommates": [
            "24BBS0005",
            "24BBS0003"
        ]
    },
    {
        "id": "24BBS0005",
        "preference_no": 2,
        "block": "R",
        "room_type": "4_Bed_nac",
        "roommates": [
            "24BBS0005",
            "24BBS0003",
            "24BBS0006",
            "24BBS0007"
        ]
    },
    {
        "id": "24BBS0006",
        "preference_no": 1,
        "block": "S",
        "room_type": "3_Bed_ac",
        "roommates": [
            "24BBS0006",
            "24BBS0007",
            "24BBS0010"
        ]
    },
    {
        "id": "24BBS0006",
        "preference_no": 2,
        "block": "T",
        "room_type": "4_Bed_ac",
        "roommates": [
            "24BBS0006",
            "24BBS0007",
            "24BBS0009",
            "24BBS0010"
        ]
    },
    {
        "id": "24BBS0007",
        "preference_no": 1,
        "block": "Q",
        "room_type": "2_Bed_nac",
        "roommates": [
            "24BBS0007",
            "24BBS0010"
        ]
    },
    {
        "id": "24BBS0007",
        "preference_no": 2,
        "block": "Q",
        "room_type": "3_Bed_ac",
        "roommates": [
            "24BBS0007",
            "24BBS0008",
            "24BBS0010"
        ]
    },
    {
        "id": "24BBS0008",
        "preference_no": 1,
        "block": "L",
        "room_type": "1_Bed_ac",
        "roommates": [
            "24BBS0008"
        ]
    },
    {
        "id": "24BBS0010",
        "preference_no": 1,
        "block": "S",
        "room_type": "2_Bed_ac",
        "roommates": [
            "24BBS0010",
            "24BBS0009"
        ]
    },
    {
        "id": "24BBS0010",
        "preference_no": 2,
        "block": "R",
        "room_type": "4_Bed_nac",
        "roommates": [
            "24BBS0010",
            "24BBS0006",
            "24BBS0008",
            "24BBS0009"
        ]
    },
    {
        "id": "24BBS0011",
        "preference_no": 1,
        "block": "S",
        "room_type": "3_Bed_ac",
        "roommates": [
            "24BBS0011",
            "24BBS0012",
            "24BBS0013"
        ]
    },
    {
        "id": "24BBS0011",
        "preference_no": 2,
        "block": "R",
        "room_type": "4_Bed_nac",
        "roommates": [
            "24BBS0011",
            "24BBS0012",
            "24BBS0013",
            "24BBS0014"
        ]
    }
]