{
    "A": {
        
        "1_Bed_ac": {"rooms": 2, "members_per_room": 1},
        "1_Bed_nac": {"rooms": 2, "members_per_room": 1},
        "2_Bed_ac": {"rooms": 2, "members_per_room": 2},
        "2_Bed_nac": {"rooms": 2, "members_per_room": 2},
        "3_Bed_ac": {"rooms": 2, "members_per_room": 3},
        "3_Bed_nac": {"rooms": 2, "members_per_room": 3},
        "4_Bed_ac": {"rooms": 2, "members_per_room": 4},
        "4_Bed_nac": {"rooms": 2, "members_per_room": 4},
        "6_Bed_ac": {"rooms": 2, "members_per_room": 6},
        "6_Bed_nac": {"rooms": 2, "members_per_room": 6},
        "8_Bed_ac": {"rooms": 2, "members_per_room": 8},
        "8_Bed_nac": {"rooms": 2, "members_per_room": 8}
       
    },
    "B": {
        "1_Bed_ac": {"rooms": 2, "members_per_room": 1},
        "1_Bed_nac": {"rooms": 2, "members_per_room": 1},
        "2_Bed_ac": {"rooms": 2, "members_per_room": 2},
        "2_Bed_nac": {"rooms": 2, "members_per_room": 2},
        "3_Bed_ac": {"rooms": 2, "members_per_room": 3},
        "3_Bed_nac": {"rooms": 2, "members_per_room": 3},
        "4_Bed_ac": {"rooms": 2, "members_per_room": 4},
        "4_Bed_nac": {"rooms": 2, "members_per_room": 4},
        "6_Bed_ac": {"rooms": 2, "members_per_room": 6},
        "6_Bed_nac": {"rooms": 2, "members_per_room": 6},
        "8_Bed_ac": {"rooms": 2, "members_per_room": 8},
        "8_Bed_nac": {"rooms": 2, "members_per_room": 8}
    },
    "C": {
        "1_Bed_ac": {"rooms": 2, "members_per_room": 1},
        "1_Bed_nac": {"rooms": 2, "members_per_room": 1},
        "2_Bed_ac": {"rooms": 2, "members_per_room": 2},
        "2_Bed_nac": {"rooms": 2, "members_per_room": 2},
        "3_Bed_ac": {"rooms": 2, "members_per_room": 3},
        "3_Bed_nac": {"rooms": 2, "members_per_room": 3},
        "4_Bed_ac": {"rooms": 2, "members_per_room": 4},
        "4_Bed_nac": {"rooms": 2, "members_per_room": 4},
        "6_Bed_ac": {"rooms": 2, "members_per_room": 6},
        "6_Bed_nac": {"rooms": 2, "members_per_room": 6},
        "8_Bed_ac": {"rooms": 2, "members_per_room": 8},
        "8_Bed_nac": {"rooms": 2, "members_per_room": 8}
    },
    "D": {
        "1_Bed_ac": {"rooms": 2, "members_per_room": 1},
        "1_Bed_nac": {"rooms": 2, "members_per_room": 1},
        "2_Bed_ac": {"rooms": 2, "members_per_room": 2},
        "2_Bed_nac": {"rooms": 2, "members_per_room": 2},
        "3_Bed_ac": {"rooms": 2, "members_per_room": 3},
        "3_Bed_nac": {"rooms": 2, "members_per_room": 3},
        "4_Bed_ac": {"rooms": 2, "members_per_room": 4},
        "4_Bed_nac": {"rooms": 2, "members_per_room": 4},
        "6_Bed_ac": {"rooms": 2, "members_per_room": 6},
        "6_Bed_nac": {"rooms": 2, "members_per_room": 6},
        "8_Bed_ac": {"rooms": 2, "members_per_room": 8},
        "8_Bed_nac": {"rooms": 2, "members_per_room": 8}
    },
    "E": {
        "1_Bed_ac": {"rooms": 2, "members_per_room": 1},
        "1_Bed_nac": {"rooms": 2, "members_per_room": 1},
        "2_Bed_ac": {"rooms": 2, "members_per_room": 2},
        "2_Bed_nac": {"rooms": 2, "members_per_room": 2},
        "3_Bed_ac": {"rooms": 2, "members_per_room": 3},
        "3_Bed_nac": {"rooms": 2, "members_per_room": 3},
        "4_Bed_ac": {"rooms": 2, "members_per_room": 4},
        "4_Bed_nac": {"rooms": 2, "members_per_room": 4},
        "6_Bed_ac": {"rooms": 2, "members_per_room": 6},
        "6_Bed_nac": {"rooms": 2, "members_per_room": 6},
        "8_Bed_ac": {"rooms": 2, "members_per_room": 8},
        "8_Bed_nac": {"rooms": 2, "members_per_room": 8}
    },
    "F": {
        "1_Bed_ac": {"rooms": 2, "members_per_room": 1},
        "1_Bed_nac": {"rooms": 2, "members_per_room": 1},
        "2_Bed_ac": {"rooms": 2, "members_per_room": 2},
        "2_Bed_nac": {"rooms": 2, "members_per_room": 2},
        "3_Bed_ac": {"rooms": 2, "members_per_room": 3},
        "3_Bed_nac": {"rooms": 2, "members_per_room": 3},
        "4_Bed_ac": {"rooms": 2, "members_per_room": 4},
        "4_Bed_nac": {"rooms": 2, "members_per_room": 4},
        "6_Bed_ac": {"rooms": 2, "members_per_room": 6},
        "6_Bed_nac": {"rooms": 2, "members_per_room": 6},
        "8_Bed_ac": {"rooms": 2, "members_per_room": 8},
        "8_Bed_nac": {"rooms": 2, "members_per_room": 8}
    },
    "G": {
        "1_Bed_ac": {"rooms": 2, "members_per_room": 1},
        "1_Bed_nac": {"rooms": 2, "members_per_room": 1},
        "2_Bed_ac": {"rooms": 2, "members_per_room": 2},
        "2_Bed_nac": {"rooms": 2, "members_per_room": 2},
        "3_Bed_ac": {"rooms": 2, "members_per_room": 3},
        "3_Bed_nac": {"rooms": 2, "members_per_room": 3},
        "4_Bed_ac": {"rooms": 2, "members_per_room": 4},
        "4_Bed_nac": {"rooms": 2, "members_per_room": 4},
        "6_Bed_ac": {"rooms": 2, "members_per_room": 6},
        "6_Bed_nac": {"rooms": 2, "members_per_room": 6},
        "8_Bed_ac": {"rooms": 2, "members_per_room": 8},
        "8_Bed_nac": {"rooms": 2, "members_per_room": 8}
    },
    "H": {
        "1_Bed_ac": {"rooms": 2, "members_per_room": 1},
        "1_Bed_nac": {"rooms": 2, "members_per_room": 1},
        "2_Bed_ac": {"rooms": 2, "members_per_room": 2},
        "2_Bed_nac": {"rooms": 2, "members_per_room": 2},
        "3_Bed_ac": {"rooms": 2, "members_per_room": 3},
        "3_Bed_nac": {"rooms": 2, "members_per_room": 3},
        "4_Bed_ac": {"rooms": 2, "members_per_room": 4},
        "4_Bed_nac": {"rooms": 2, "members_per_room": 4},
        "6_Bed_ac": {"rooms": 2, "members_per_room": 6},
        "6_Bed_nac": {"rooms": 2, "members_per_room": 6},
        "8_Bed_ac": {"rooms": 2, "members_per_room": 8},
        "8_Bed_nac": {"rooms": 2, "members_per_room": 8}
    },
    "J": {
        "1_Bed_ac": {"rooms": 2, "members_per_room": 1},
        "1_Bed_nac": {"rooms": 2, "members_per_room": 1},
        "2_Bed_ac": {"rooms": 2, "members_per_room": 2},
        "2_Bed_nac": {"rooms": 2, "members_per_room": 2},
        "3_Bed_ac": {"rooms": 2, "members_per_room": 3},
        "3_Bed_nac": {"rooms": 2, "members_per_room": 3},
        "4_Bed_ac": {"rooms": 2, "members_per_room": 4},
        "4_Bed_nac": {"rooms": 2, "members_per_room": 4},
        "6_Bed_ac": {"rooms": 2, "members_per_room": 6},
        "6_Bed_nac": {"rooms": 2, "members_per_room": 6},
        "8_Bed_ac": {"rooms": 2, "members_per_room": 8},
        "8_Bed_nac": {"rooms": 2, "members_per_room": 8}
    },
    "K": {
        "1_Bed_ac": {"rooms": 2, "members_per_room": 1},
        "1_Bed_nac": {"rooms": 2, "members_per_room": 1},
        "2_Bed_ac": {"rooms": 2, "members_per_room": 2},
        "2_Bed_nac": {"rooms": 2, "members_per_room": 2},
        "3_Bed_ac": {"rooms": 2, "members_per_room": 3},
        "3_Bed_nac": {"rooms": 2, "members_per_room": 3},
        "4_Bed_ac": {"rooms": 2, "members_per_room": 4},
        "4_Bed_nac": {"rooms": 2, "members_per_room": 4},
        "6_Bed_ac": {"rooms": 2, "members_per_room": 6},
        "6_Bed_nac": {"rooms": 2, "members_per_room": 6},
        "8_Bed_ac": {"rooms": 2, "members_per_room": 8},
        "8_Bed_nac": {"rooms": 2, "members_per_room": 8}
    },
    "L": {
        "1_Bed_ac": {"rooms": 2, "members_per_room": 1},
        "1_Bed_nac": {"rooms": 2, "members_per_room": 1},
        "2_Bed_ac": {"rooms": 2, "members_per_room": 2},
        "2_Bed_nac": {"rooms": 2, "members_per_room": 2},
        "3_Bed_ac": {"rooms": 2, "members_per_room": 3},
        "3_Bed_nac": {"rooms": 2, "members_per_room": 3},
        "4_Bed_ac": {"rooms": 2, "members_per_room": 4},
        "4_Bed_nac": {"rooms": 2, "members_per_room": 4},
        "6_Bed_ac": {"rooms": 2, "members_per_room": 6},
        "6_Bed_nac": {"rooms": 2, "members_per_room": 6},
        "8_Bed_ac": {"rooms": 2, "members_per_room": 8},
        "8_Bed_nac": {"rooms": 2, "members_per_room": 8}
    },
    "M": {
        "1_Bed_ac": {"rooms": 2, "members_per_room": 1},
        "1_Bed_nac": {"rooms": 2, "members_per_room": 1},
        "2_Bed_ac": {"rooms": 2, "members_per_room": 2},
        "2_Bed_nac": {"rooms": 2, "members_per_room": 2},
        "3_Bed_ac": {"rooms": 2, "members_per_room": 3},
        "3_Bed_nac": {"rooms": 2, "members_per_room": 3},
        "4_Bed_ac": {"rooms": 2, "members_per_room": 4},
        "4_Bed_nac": {"rooms": 2, "members_per_room": 4},
        "6_Bed_ac": {"rooms": 2, "members_per_room": 6},
        "6_Bed_nac": {"rooms": 2, "members_per_room": 6},
        "8_Bed_ac": {"rooms": 2, "members_per_room": 8},
        "8_Bed_nac": {"rooms": 2, "members_per_room": 8}
    },
    "N": {
        "1_Bed_ac": {"rooms": 2, "members_per_room": 1},
        "1_Bed_nac": {"rooms": 2, "members_per_room": 1},
        "2_Bed_ac": {"rooms": 2, "members_per_room": 2},
        "2_Bed_nac": {"rooms": 2, "members_per_room": 2},
        "3_Bed_ac": {"rooms": 2, "members_per_room": 3},
        "3_Bed_nac": {"rooms": 2, "members_per_room": 3},
        "4_Bed_ac": {"rooms": 2, "members_per_room": 4},
        "4_Bed_nac": {"rooms": 2, "members_per_room": 4},
        "6_Bed_ac": {"rooms": 2, "members_per_room": 6},
        "6_Bed_nac": {"rooms": 2, "members_per_room": 6},
        "8_Bed_ac": {"rooms": 2, "members_per_room": 8},
        "8_Bed_nac": {"rooms": 2, "members_per_room": 8}
    },
    "P": {
        "1_Bed_ac": {"rooms": 2, "members_per_room": 1},
        "1_Bed_nac": {"rooms": 2, "members_per_room": 1},
        "2_Bed_ac": {"rooms": 2, "members_per_room": 2},
        "2_Bed_nac": {"rooms": 2, "members_per_room": 2},
        "3_Bed_ac": {"rooms": 2, "members_per_room": 3},
        "3_Bed_nac": {"rooms": 2, "members_per_room": 3},
        "4_Bed_ac": {"rooms": 2, "members_per_room": 4},
        "4_Bed_nac": {"rooms": 2, "members_per_room": 4},
        "6_Bed_ac": {"rooms": 2, "members_per_room": 6},
        "6_Bed_nac": {"rooms": 2, "members_per_room": 6},
        "8_Bed_ac": {"rooms": 2, "members_per_room": 8},
        "8_Bed_nac": {"rooms": 2, "members_per_room": 8}
    },
    "Q": {
        "1_Bed_ac": {"rooms": 2, "members_per_room": 1},
        "1_Bed_nac": {"rooms": 2, "members_per_room": 1},
        "2_Bed_ac": {"rooms": 2, "members_per_room": 2},
        "2_Bed_nac": {"rooms": 2, "members_per_room": 2},
        "3_Bed_ac": {"rooms": 2, "members_per_room": 3},
        "3_Bed_nac": {"rooms": 2, "members_per_room": 3},
        "4_Bed_ac": {"rooms": 2, "members_per_room": 4},
        "4_Bed_nac": {"rooms": 2, "members_per_room": 4},
        "6_Bed_ac": {"rooms": 2, "members_per_room": 6},
        "6_Bed_nac": {"rooms": 2, "members_per_room": 6},
        "8_Bed_ac": {"rooms": 2, "members_per_room": 8},
        "8_Bed_nac": {"rooms": 2, "members_per_room": 8}
    },
    "R": {
        "1_Bed_ac": {"rooms": 2, "members_per_room": 1},
        "1_Bed_nac": {"rooms": 2, "members_per_room": 1},
        "2_Bed_ac": {"rooms": 2, "members_per_room": 2},
        "2_Bed_nac": {"rooms": 2, "members_per_room": 2},
        "3_Bed_ac": {"rooms": 2, "members_per_room": 3},
        "3_Bed_nac": {"rooms": 2, "members_per_room": 3},
        "4_Bed_ac": {"rooms": 2, "members_per_room": 4},
        "4_Bed_nac": {"rooms": 2, "members_per_room": 4},
        "6_Bed_ac": {"rooms": 2, "members_per_room": 6},
        "6_Bed_nac": {"rooms": 2, "members_per_room": 6},
        "8_Bed_ac": {"rooms": 2, "members_per_room": 8},
        "8_Bed_nac": {"rooms": 2, "members_per_room": 8}
    },
    "S": {
        "1_Bed_ac": {"rooms": 2, "members_per_room": 1},
        "1_Bed_nac": {"rooms": 2, "members_per_room": 1},
        "2_Bed_ac": {"rooms": 2, "members_per_room": 2},
        "2_Bed_nac": {"rooms": 2, "members_per_room": 2},
        "3_Bed_ac": {"rooms": 2, "members_per_room": 3},
        "3_Bed_nac": {"rooms": 2, "members_per_room": 3},
        "4_Bed_ac": {"rooms": 2, "members_per_room": 4},
        "4_Bed_nac": {"rooms": 2, "members_per_room": 4},
        "6_Bed_ac": {"rooms": 2, "members_per_room": 6},
        "6_Bed_nac": {"rooms": 2, "members_per_room": 6},
        "8_Bed_ac": {"rooms": 2, "members_per_room": 8},
        "8_Bed_nac": {"rooms": 2, "members_per_room": 8}
    },
    "T": {
        "1_Bed_ac": {"rooms": 2, "members_per_room": 1},
        "1_Bed_nac": {"rooms": 2, "members_per_room": 1},
        "2_Bed_ac": {"rooms": 2, "members_per_room": 2},
        "2_Bed_nac": {"rooms": 2, "members_per_room": 2},
        "3_Bed_ac": {"rooms": 2, "members_per_room": 3},
        "3_Bed_nac": {"rooms": 2, "members_per_room": 3},
        "4_Bed_ac": {"rooms": 2, "members_per_room": 4},
        "4_Bed_nac": {"rooms": 2, "members_per_room": 4},
        "6_Bed_ac": {"rooms": 2, "members_per_room": 6},
        "6_Bed_nac": {"rooms": 2, "members_per_room": 6},
        "8_Bed_ac": {"rooms": 2, "members_per_room": 8},
        "8_Bed_nac": {"rooms": 2, "members_per_room": 8}
    }
}