{
    "24BBS0001": {
        "rank": 1,
        "block": "",
        "room_type": ""
    },
    "24BBS0002": {
        "rank": 2,
        "block": "",
        "room_type": ""
    },
    "24BBS0003": {
        "rank": 3,
        "block": "",
        "room_type": ""
    },
    "24BBS0004": {
        "rank": 4,
        "block": "",
        "room_type": ""
    },
    "24BBS0005": {
        "rank": 5,
        "block": "",
        "room_type": ""
    },
    "24BBS0006": {
        "rank": 6,
        "block": "",
        "room_type": ""
    },
    "24BBS0007": {
        "rank": 7,
        "block": "",
        "room_type": ""
    },
    "24BBS0008": {
        "rank": 8,
        "block": "",
        "room_type": ""
    },
    "24BBS0009": {
        "rank": 9,
        "block": "",
        "room_type": ""
    },
    "24BBS0010": {
        "rank": 10,
        "block": "",
        "room_type": ""
    },
    "24BBS0011": {
        "rank": 11,
        "block": "",
        "room_type": ""
    },
    "24BBS0012": {
        "rank": 12,
        "block": "",
        "room_type": ""
    },
    "24BBS0013": {
        "rank": 13,
        "block": "",
        "room_type": ""
    },
    "24BBS0014": {
        "rank": 14,
        "block": "",
        "room_type": ""
    },
    "24BBS0015": {
        "rank": 15,
        "block": "",
        "room_type": ""
    }
}